{"0": {"tepcmci": {"time": "0:27:09.463410", "precision": 1.0, "recall": 1.0, "f1_score": 1.0}, "pcmci": {"time": "0:21:23.436887", "precision": 1.0, "recall": 1.0, "f1_score": 1.0}}, "1": {"tepcmci": {"time": "0:28:11.499535", "precision": 1.0, "recall": 1.0, "f1_score": 1.0}, "pcmci": {"time": "0:19:14.468657", "precision": 1.0, "recall": 1.0, "f1_score": 1.0}}, "2": {"tepcmci": {"time": "0:14:48.163328", "precision": 1.0, "recall": 1.0, "f1_score": 1.0}, "pcmci": {"time": "0:16:19.134237", "precision": 1.0, "recall": 1.0, "f1_score": 1.0}}, "3": {"tepcmci": {"time": "0:12:04.842891", "precision": 1.0, "recall": 1.0, "f1_score": 1.0}, "pcmci": {"time": "0:14:13.520229", "precision": 0.8888888888888888, "recall": 1.0, "f1_score": 0.9411764705882353}}, "4": {"tepcmci": {"time": "0:11:41.037698", "precision": 1.0, "recall": 1.0, "f1_score": 1.0}, "pcmci": {"time": "0:12:19.561132", "precision": 0.8888888888888888, "recall": 1.0, "f1_score": 0.9411764705882353}}, "5": {"tepcmci": {"time": "0:14:32.400865", "precision": 1.0, "recall": 1.0, "f1_score": 1.0}, "pcmci": {"time": "0:11:00.399700", "precision": 0.875, "recall": 0.875, "f1_score": 0.875}}, "6": {"tepcmci": {"time": "0:10:00.969025", "precision": 1.0, "recall": 0.75, "f1_score": 0.8571428571428571}, "pcmci": {"time": "0:11:19.322365", "precision": 0.875, "recall": 0.875, "f1_score": 0.875}}, "7": {"tepcmci": {"time": "0:07:38.266376", "precision": 1.0, "recall": 0.75, "f1_score": 0.8571428571428571}, "pcmci": {"time": "0:09:19.728854", "precision": 1.0, "recall": 0.75, "f1_score": 0.8571428571428571}}, "8": {"tepcmci": {"time": "0:10:35.075030", "precision": 1.0, "recall": 0.75, "f1_score": 0.8571428571428571}, "pcmci": {"time": "0:09:34.857700", "precision": 1.0, "recall": 0.75, "f1_score": 0.8571428571428571}}, "9": {"tepcmci": {"time": "0:09:31.506846", "precision": 1.0, "recall": 0.75, "f1_score": 0.8571428571428571}, "pcmci": {"time": "0:09:22.791272", "precision": 1.0, "recall": 0.75, "f1_score": 0.8571428571428571}}, "10": {"tepcmci": {"time": "0:12:26.867637", "precision": 1.0, "recall": 0.75, "f1_score": 0.8571428571428571}, "pcmci": {"time": "0:09:50.535334", "precision": 1.0, "recall": 0.75, "f1_score": 0.8571428571428571}}, "11": {"tepcmci": {"time": "0:08:42.764878", "precision": 1.0, "recall": 0.75, "f1_score": 0.8571428571428571}, "pcmci": {"time": "0:09:53.857027", "precision": 1.0, "recall": 0.75, "f1_score": 0.8571428571428571}}, "12": {"tepcmci": {"time": "0:13:18.048961", "precision": 1.0, "recall": 0.75, "f1_score": 0.8571428571428571}, "pcmci": {"time": "0:09:44.237402", "precision": 1.0, "recall": 0.75, "f1_score": 0.8571428571428571}}, "13": {"tepcmci": {"time": "0:13:58.002052", "precision": 1.0, "recall": 0.75, "f1_score": 0.8571428571428571}, "pcmci": {"time": "0:09:53.525717", "precision": 0.8571428571428571, "recall": 0.75, "f1_score": 0.7999999999999999}}, "14": {"tepcmci": {"time": "0:12:15.428426", "precision": 1.0, "recall": 0.625, "f1_score": 0.7692307692307693}, "pcmci": {"time": "0:09:55.506014", "precision": 1.0, "recall": 0.75, "f1_score": 0.8571428571428571}}, "15": {"tepcmci": {"time": "0:13:55.567738", "precision": 1.0, "recall": 0.625, "f1_score": 0.7692307692307693}, "pcmci": {"time": "0:09:50.106856", "precision": 1.0, "recall": 0.75, "f1_score": 0.8571428571428571}}, "16": {"tepcmci": {"time": "0:12:24.315993", "precision": 1.0, "recall": 0.5, "f1_score": 0.6666666666666666}, "pcmci": {"time": "0:09:54.833885", "precision": 0.8571428571428571, "recall": 0.75, "f1_score": 0.7999999999999999}}, "17": {"tepcmci": {"time": "0:08:25.726031", "precision": 1.0, "recall": 0.375, "f1_score": 0.5454545454545454}, "pcmci": {"time": "0:10:17.424150", "precision": 0.8571428571428571, "recall": 0.75, "f1_score": 0.7999999999999999}}, "18": {"tepcmci": {"time": "0:08:32.652007", "precision": 1.0, "recall": 0.375, "f1_score": 0.5454545454545454}, "pcmci": {"time": "0:10:18.733357", "precision": 0.8571428571428571, "recall": 0.75, "f1_score": 0.7999999999999999}}, "19": {"tepcmci": {"time": "0:08:32.804802", "precision": 1.0, "recall": 0.375, "f1_score": 0.5454545454545454}, "pcmci": {"time": "0:10:18.903054", "precision": 0.75, "recall": 0.75, "f1_score": 0.75}}}